epoch,accuracy,f1_score,loss,precision,recall,val_accuracy,val_f1_score,val_loss,val_precision,val_recall
0,0.00033407571027055383,"""[0.80614156]""",0.4414079785346985,0.8003948330879211,0.8119715452194214,0.0,"""[0.89699566]""",0.2670332193374634,0.9736024737358093,0.8315649628639221
1,0.00033407571027055383,"""[0.92317957]""",0.22623951733112335,0.9224616885185242,0.9238985180854797,0.0,"""[0.9460526]""",0.17168156802654266,0.9386423230171204,0.953580915927887
2,0.0,"""[0.9384633]""",0.1881723254919052,0.935248613357544,0.9417000412940979,0.0,"""[0.95565856]""",0.1894804984331131,0.9537648558616638,0.9575597047805786
