epoch,accuracy,f1_score,loss,precision,recall,val_accuracy,val_f1_score,val_loss,val_precision,val_recall
0,0.4912026822566986,"""[0.5933244]""",0.7303202152252197,0.494437038898468,0.7416555285453796,0.5207182168960571,"""[0.684832]""",0.6931338906288147,0.5207182168960571,1.0
1,0.4897550046443939,"""[0.54750144]""",0.6931818723678589,0.4921875,0.6168224215507507,0.4792817533016205,"""[0.0]""",0.6931600570678711,0.0,0.0
