epoch,accuracy,f1_score,loss,precision,recall,val_accuracy,val_f1_score,val_loss,val_precision,val_recall
0,0.8572382926940918,"""[0.85448354]""",0.3314689099788666,0.8721038103103638,0.8375611901283264,0.9033148884773254,"""[0.9086162]""",0.26036491990089417,0.8946015238761902,0.9230769276618958
1,0.9491091370582581,"""[0.94889855]""",0.17070676386356354,0.9536974430084229,0.9441477656364441,0.8743094205856323,"""[0.8891596]""",0.3103952407836914,0.8220720887184143,0.9681697487831116
2,0.9577950835227966,"""[0.9576867]""",0.14391043782234192,0.9610127806663513,0.9543836116790771,0.8839778900146484,"""[0.8900523]""",0.26809483766555786,0.8785529732704163,0.9018567800521851
